Indicator,Most_Likely_Class,Max_Probability,Prob_Class_0,Prob_Class_1,Prob_Class_2,Prob_Class_3,Prob_Class_4,Prob_Class_5,Prob_Class_6,Prob_Class_7,Prob_Class_8,Prob_Class_9,Prob_Class_10,Prob_Class_11,Prob_Class_12,Prob_Class_13,Prob_Class_14,Prob_Class_15
0,8,0.18072014,0.04562767,0.03739897,0.0672713,0.034193672,0.08016325,0.052191377,0.07205259,0.085792005,0.18072014,0.09646483,0.024957053,-0.003004449,0.04038525,0.06268593,0.06919305,0.053907428
1,8,0.1419675,0.042546533,0.04103289,0.06435065,0.04632916,0.081779085,0.04279704,0.04872985,0.07841717,0.1419675,0.079063,0.027009485,0.0042851274,0.066213116,0.07797489,0.07709237,0.08041214
2,8,0.13407072,0.051936567,0.037380863,0.07708738,0.047873095,0.083684325,0.04478812,0.06725038,0.07202325,0.13407072,0.075185314,0.02899771,0.019395208,0.048153576,0.05118925,0.06213937,0.09884489
3,8,0.23709272,0.09111429,0.015840976,0.06517364,0.038012505,0.0911954,0.041398417,0.05474159,0.06180259,0.23709272,0.12310835,0.024159355,-0.005855615,0.008517674,0.02056773,0.03480806,0.09832237
4,8,0.16514976,0.08394502,0.02617117,0.069380574,0.043504994,0.064628184,0.065632656,0.082008235,0.07932842,0.16514976,0.10819844,0.027823702,0.011558527,0.032828998,0.039494812,0.04685179,0.053494714
5,8,0.13027564,0.05334666,0.042603,0.086477846,0.058741394,0.08113937,0.061828043,0.07388499,0.07848551,0.13027564,0.09843782,0.029480167,0.020473028,0.039142795,0.051984847,0.06419231,0.029506588
6,8,0.3224049,0.047244787,-0.019423207,0.054015268,0.036312904,0.093389966,0.037989132,0.06431724,0.07886278,0.3224049,0.16509023,-0.0134608885,-0.052770816,0.0063549033,0.02188965,0.042559043,0.11522406
7,8,0.12795983,0.057970367,0.037142303,0.06899382,0.063569725,0.072830595,0.060583185,0.065781325,0.070398785,0.12795983,0.08297244,0.032550566,0.02348157,0.034287125,0.074524015,0.078630894,0.04832345
8,8,0.15806828,0.04172958,0.031073468,0.08028226,0.04966301,0.087465875,0.052875377,0.07172482,0.08138381,0.15806828,0.09887764,0.03327805,0.008676778,0.033327166,0.046823025,0.05849625,0.06625462
9,8,0.19867556,0.040584255,-0.000107013395,0.07813142,0.01390152,0.1024318,0.059482083,0.068750545,0.09447782,0.19867556,0.105128735,0.019239914,-0.030636484,0.035126016,0.05296245,0.045231067,0.11662034
10,2,0.10718645,0.030811468,0.023030482,0.10718645,0.072428815,0.057011586,0.05709491,0.048801754,0.07548341,0.10560859,0.08543408,0.021033628,-0.0035549412,0.074641906,0.084387064,0.075646445,0.08495435
11,8,0.14473516,0.0433398,0.039869208,0.076840684,0.045536604,0.085641995,0.051068194,0.06450911,0.07375482,0.14473516,0.07564905,0.037518024,0.02556801,0.035790402,0.06192968,0.07161561,0.066633746
12,8,0.2153174,0.054724067,0.032752994,0.04745948,0.021812571,0.08807809,0.06588628,0.058924492,0.06920901,0.2153174,0.12807718,0.04494674,0.016775265,0.011552829,0.043812744,0.040548157,0.060122684
13,8,0.10214943,0.031788897,0.03139414,0.06253628,0.032692056,0.09785992,0.060735732,0.06819924,0.08556969,0.10214943,0.06846906,0.028137732,0.009547786,0.055239197,0.09501519,0.088224575,0.082441054
14,8,0.14095888,0.061640903,0.08149298,0.054192547,0.030416604,0.050722126,0.06018859,0.07592344,0.08947104,0.14095888,0.099200554,0.060879786,0.030116107,0.042512022,0.030793814,0.036636364,0.054854225
15,8,0.14481807,0.042449936,0.035107996,0.06516308,0.038436275,0.0888559,0.051595706,0.06842207,0.0800715,0.14481807,0.07937883,0.03835871,0.01962592,0.037550002,0.06482442,0.06833249,0.077009045
16,8,0.1410704,0.05013528,0.033732496,0.07361708,0.053359635,0.07131203,0.051853254,0.06306998,0.08586136,0.1410704,0.06605246,0.022550505,0.009149316,0.04845833,0.060289003,0.0727334,0.09675543
17,8,0.1660723,0.054500632,0.044006772,0.058057424,0.03670639,0.07344275,0.060598653,0.0817973,0.08469011,0.1660723,0.11286524,0.04614894,0.037310798,0.031182976,0.021212325,0.04396991,0.04743749
18,7,0.10732369,0.030499004,0.014813701,0.09251308,0.07626013,0.06405252,0.07670055,0.089665644,0.10732369,0.078275286,0.07562827,0.004405744,0.000110654684,0.060268633,0.08532876,0.09294887,0.051205516
19,8,0.1287727,0.00040154468,-0.0072119026,0.10384013,0.07307668,0.11434142,0.061827037,0.09264156,0.106823176,0.1287727,0.123280816,-0.022926003,-0.030982446,0.047056343,0.05306529,0.06677611,0.08921753
20,8,0.15609744,0.036649305,0.021119105,0.102655835,0.031133544,0.111487634,0.049334656,0.07215453,0.080041446,0.15609744,0.08294726,0.025487363,0.006398111,0.04531969,0.035713475,0.042995647,0.10046502
21,8,0.20047244,0.04011561,0.037328277,0.06112205,0.0033009215,0.116287105,0.0566518,0.07094258,0.0870157,0.20047244,0.08376569,0.048138782,0.009515667,0.01913158,0.023672553,0.03051608,0.11202315
22,15,0.11121042,0.05336535,0.030044893,0.0569836,0.03267568,0.060990024,0.061917722,0.07768493,0.094655775,0.05308895,0.09049296,0.03513463,0.03393568,0.10147013,0.052353945,0.053995337,0.11121042
23,15,0.12091842,0.05775693,0.050130915,0.07167842,0.04113987,0.08259426,0.045706354,0.057685636,0.053319313,0.06638925,0.054308742,0.08578198,0.06508337,0.09915754,0.020831225,0.027517753,0.12091842
24,15,0.1380387,0.09162126,0.038981196,0.077068694,0.059570897,0.07162631,0.025539985,0.022756895,0.045866203,0.06724029,0.05669885,0.0638379,0.05878267,0.0973313,0.040873446,0.04416535,0.1380387
25,15,0.10580564,0.06407277,0.034008373,0.07293361,0.05607917,0.047400292,0.058469348,0.08861831,0.08771489,0.08364549,0.08322576,0.01857076,0.010626568,0.06560729,0.06003099,0.06319074,0.10580564
26,8,0.16071795,0.06079435,0.033625185,0.071554385,0.06640253,0.06948051,0.03722049,0.051975247,0.06837242,0.16071795,0.08038258,0.03074751,0.013424838,0.050902326,0.065294005,0.078793146,0.06031259
27,9,0.11604485,0.037153583,0.049503822,0.05788249,0.06169998,0.045277093,0.07165716,0.07432014,0.09724009,0.11056171,0.11604485,0.024492297,0.020576606,0.051740993,0.063295834,0.07107963,0.047473762
28,9,0.10727328,0.036646765,0.039084118,0.071812674,0.058146175,0.05851377,0.07337599,0.077608794,0.07793378,0.103897676,0.10727328,0.027467785,0.027681444,0.05656455,0.06727885,0.07189692,0.04481746
29,9,0.09997146,0.047630228,0.037795145,0.073976666,0.055592313,0.06778352,0.06768444,0.07533994,0.08677358,0.08262231,0.09997146,0.029399078,0.030722624,0.06598248,0.05871348,0.064287335,0.055725407
30,8,0.14189845,0.04265849,0.034482434,0.07163581,0.05414506,0.08724765,0.048425157,0.06919255,0.068710215,0.14189845,0.07375036,0.030228492,0.015316885,0.045059174,0.060636483,0.064677626,0.09193516
31,8,0.1755447,0.05723271,0.027330441,0.07493262,0.05369607,0.066774644,0.051198535,0.06531309,0.07175278,0.1755447,0.11945169,0.032496627,0.007854981,0.051831055,0.026069047,0.039750095,0.078770965
32,8,0.15825248,0.034286562,0.03233314,0.0888664,0.02183305,0.12649436,0.046318572,0.06519598,0.08426025,0.15825248,0.06679967,0.025363911,0.008479009,0.037902925,0.031099826,0.042783085,0.12973076
33,8,0.1785223,0.061313316,0.037569564,0.049816325,0.034553654,0.08309847,0.06702128,0.06626049,0.07881899,0.1785223,0.09321656,0.03236827,0.01763848,0.030439727,0.028659757,0.03155174,0.10915108
34,8,0.15453838,0.047597777,0.03272687,0.07750008,0.026170883,0.09282533,0.056171145,0.064352475,0.086356126,0.15453838,0.07680488,0.032548044,0.028482318,0.05013781,0.017405841,0.034869526,0.121512465
35,4,0.2713825,-0.056878585,0.045384772,-0.015362644,-0.1014916,0.2713825,0.1133401,0.14657463,0.14528205,0.18209597,-0.024008937,0.097333916,0.017755952,-0.021195453,0.026820498,-0.013944835,0.18691166
36,8,0.20035769,0.019896233,0.042364024,0.011099625,0.008331603,0.15086398,0.04968616,0.037507895,0.08889936,0.20035769,0.08332616,0.012221951,-0.0025270027,0.027159575,0.060124222,0.053175364,0.15751319
37,8,0.11098661,0.04902003,0.0351154,0.07383465,0.056054503,0.10089014,0.048184343,0.047200207,0.067781374,0.11098661,0.05453336,0.030517709,0.015976205,0.051616818,0.08915573,0.08476314,0.084369764
38,15,0.14180708,0.07251453,0.036090825,0.0956591,0.070638515,0.065793484,0.05169189,0.04807795,0.06850798,0.07291058,0.04383957,0.036990043,0.007764583,0.0653541,0.06187825,0.06048159,0.14180708
39,2,0.13259405,0.029887618,0.035472017,0.13259405,0.081786,0.06935395,0.04120106,0.087357685,0.053666852,0.08453277,0.062776044,0.028857712,0.009094624,0.08638,0.04737607,0.04609648,0.10356704
40,15,0.14373115,0.04666477,0.04601541,0.078681625,0.06590231,0.10080494,0.015960399,0.02681268,0.051411737,0.12213778,0.07855735,0.058668174,0.035138894,0.056192216,0.02685725,0.046463385,0.14373115
41,15,0.1238127,0.044076458,0.047409765,0.08213019,0.022516776,0.101910345,0.05911876,0.11295763,0.08202077,0.061129704,0.059393708,0.032471452,0.020107836,0.08788831,0.03419657,0.028859079,0.1238127
42,15,0.19198363,0.06067216,0.009139505,0.07013947,0.057436574,0.09156788,0.03546847,0.02288931,0.07860097,0.10121197,0.04063759,0.023537867,-0.003438773,0.09265331,0.062256716,0.06524327,0.19198363
43,15,0.14841373,0.04766721,0.04157937,0.08269325,0.054924306,0.09955153,0.038562898,0.04787546,0.079089835,0.09580703,0.03532108,0.018324744,0.006255537,0.07533862,0.05817012,0.07042534,0.14841373
44,2,0.11784055,0.07174097,0.030548347,0.11784055,0.103771836,0.042012848,0.064447194,0.065700285,0.078059144,0.062426414,0.03722523,0.011159425,-0.021786047,0.093202375,0.05822394,0.0679207,0.11750676
45,15,0.0938083,0.038745105,0.03426311,0.08077772,0.060539287,0.07950583,0.05877527,0.074720524,0.07508321,0.07241775,0.07767473,0.033359513,0.03737127,0.066882156,0.055374946,0.060701292,0.0938083
46,15,0.09636651,0.05510056,0.06081402,0.061611213,0.051222052,0.06229056,0.036964506,0.055873923,0.09085345,0.053253755,0.04665383,0.066998094,0.05553131,0.092917375,0.062227227,0.05132164,0.09636651
47,15,0.26003015,0.032609694,0.04019799,0.047025997,0.0162003,0.22468533,-0.0026320196,-0.007589508,0.01828587,0.1180311,0.029356414,0.10153194,-0.0061494224,0.08290505,0.035595637,0.009915477,0.26003015
48,14,0.19865437,0.051340837,0.17378935,0.039907373,0.18351743,0.0487713,-0.029965298,-0.100491405,0.004934906,0.024698311,-0.09237029,0.14874877,0.0932299,0.089894205,0.16353802,0.19865437,0.001802268
49,3,0.107435286,0.03869578,0.071032874,0.10054421,0.107435286,0.07103263,0.022496713,0.041979056,0.02511913,0.058387995,0.045217305,0.10210922,0.032579113,0.077928096,0.07153838,0.07653465,0.057369515
50,2,0.111977145,0.046358533,0.068036,0.111977145,0.018162126,0.11149465,0.048475422,0.10477381,0.07992784,0.08765568,0.056675207,0.06433726,0.0191909,0.063485384,0.007463787,0.014322625,0.09766365
51,15,0.16858752,0.036168005,0.045852374,0.03919344,0.0020788454,0.12405384,0.039605957,0.11115061,0.09819616,0.14732273,0.07197337,0.009050278,-0.03318688,0.06816856,0.042562924,0.029222228,0.16858752
52,8,0.3152659,0.014597884,0.028008632,0.029066453,-0.046871763,0.1533842,0.075790524,0.1415611,0.13425009,0.3152659,0.1883608,-0.011614378,-0.063148156,-0.013131602,-0.06312371,-0.061172325,0.17877641
53,10,0.29011986,0.07400405,0.121763386,0.053988453,-0.04238826,0.20241797,0.020156652,-0.05404641,0.04821804,0.22923158,0.090658665,0.29011986,0.14838478,-0.0782443,-0.10762261,-0.17208739,0.17544556
54,8,0.1234442,0.012875607,0.05676988,0.08468516,0.0015971195,0.11483828,0.06732642,0.11575309,0.09483005,0.1234442,0.114526875,0.05313646,0.0034423335,0.032346465,0.028877594,0.042548273,0.053002253
55,8,0.08703855,0.067197375,0.057222743,0.08288242,0.032840054,0.07885772,0.06181236,0.08353159,0.06237137,0.08703855,0.07803326,0.06952853,0.048474368,0.05760085,0.025271146,0.026533645,0.08080412
56,9,0.14060645,0.0060403976,0.03455346,0.042101644,0.03321123,0.071349576,0.08311811,0.100100614,0.104838416,0.1303211,0.14060645,0.017911576,0.034910914,0.028760085,0.060458276,0.06522546,0.046492647
57,8,0.16380213,0.04574799,0.037634604,0.053617887,0.013940892,0.10388255,0.057196304,0.0706607,0.090191565,0.16380213,0.0760189,0.054167602,0.01756275,0.027820472,0.045408655,0.044743694,0.09760337
58,15,0.18131697,0.061495308,0.027374383,0.06284306,0.005111743,0.09970418,0.028475735,0.10161338,0.102796614,0.13362624,0.0536797,0.009598948,-0.0036738832,0.06421102,0.041225318,0.030601233,0.18131697
59,7,0.087672986,0.057682697,0.05952309,0.06839522,0.05189087,0.07243435,0.067228094,0.08763324,0.087672986,0.07158692,0.042783763,0.03845161,0.03876993,0.05396351,0.058097728,0.06894048,0.07494555
60,8,0.14481807,0.042449918,0.035108004,0.06516308,0.03843628,0.08885592,0.05159571,0.068422094,0.080071494,0.14481807,0.07937885,0.03835871,0.019625919,0.03755,0.064824425,0.06833249,0.07700905
61,15,0.119536355,0.048924197,0.07913406,0.08951803,0.048492108,0.037094876,0.04376517,0.06319904,0.08874993,0.0736448,0.016824855,0.06718641,0.01707173,0.065328725,0.07763971,0.06388994,0.119536355
62,8,0.19616549,0.024988566,0.027442565,0.067127384,0.062073655,0.085474804,0.04817858,0.06807114,0.05615428,0.19616549,0.1484274,0.04680029,0.009634067,0.031228695,0.035647124,0.03699536,0.055590604
63,8,0.112284936,0.039890617,0.06500853,0.08090436,0.040999565,0.08143318,0.061695993,0.094187625,0.07356099,0.112284936,0.07645409,0.057981372,0.02906465,0.045864277,0.021358997,0.034122076,0.08518873
64,15,0.1752276,0.07786868,0.06477502,0.029374223,0.029151507,0.0933429,0.042891778,0.050905515,0.05720121,0.13447295,0.07614676,0.03474551,0.023257969,0.08139823,0.0010360265,0.028204087,0.1752276
65,8,0.11543868,0.09093315,0.047456972,0.09076442,0.06583441,0.08474192,0.03259737,0.058562715,0.07126244,0.11543868,0.0925219,0.060168706,0.0014317527,0.084545456,-0.0086984,0.0028982533,0.10954025
66,15,0.1621428,0.019092072,0.07285437,0.06419229,0.012563849,0.065430574,0.0741946,0.10350944,0.12979613,0.15377928,0.034420203,0.05714747,0.014292237,0.019122489,0.020288208,-0.0028260015,0.1621428
67,4,0.15202814,-0.0072717867,0.013360284,0.0726339,0.050418366,0.15202814,0.034462754,0.05346218,0.08135554,0.13808143,0.04990557,0.008472949,-0.035992794,0.07087801,0.10663229,0.09541216,0.11616104
68,6,0.15599209,0.008748017,0.11697061,0.10944861,0.00561546,0.109697305,0.08434074,0.15599209,0.081998035,0.059947263,0.035776816,0.13461109,0.076457515,0.019673582,-0.026719438,-0.019375104,0.046817377
69,10,0.21282995,0.12011962,0.14158104,0.05509213,0.0010100997,0.09884771,0.030847464,0.015345563,0.028146273,-0.018108374,-0.03284277,0.21282995,0.19931354,0.02394442,0.060058407,0.054096863,0.009718097
70,15,0.40964082,-0.09660376,-0.23133825,0.13424577,0.18217826,0.04329706,0.014629059,0.18395562,0.062188644,0.2060515,0.22839883,-0.12896281,-0.3564089,0.39408255,-0.023415335,-0.021939099,0.40964082
71,4,0.14405759,0.012458741,0.0055992617,0.066144966,0.029204588,0.14405759,0.050657254,0.072884545,0.11139935,0.13974987,0.032990377,0.0186654,-0.0029712243,0.030260863,0.07474227,0.07562766,0.1385284
72,8,0.14736691,0.03753242,-0.0042943875,0.109459646,0.087929115,0.052710705,0.053666186,0.051273223,0.08387545,0.14736691,0.10702994,-0.01774739,-0.04043411,0.06917965,0.09960202,0.09533419,0.06751645
73,8,0.11098661,0.04902003,0.0351154,0.07383465,0.056054503,0.10089014,0.048184343,0.047200207,0.067781374,0.11098661,0.05453336,0.030517709,0.015976205,0.051616818,0.08915573,0.08476314,0.084369764
74,8,0.11214273,0.0618442,0.040108632,0.091075934,0.047563035,0.08759892,0.044648264,0.050830893,0.06459692,0.11214273,0.07103702,0.041173317,0.029695477,0.065910235,0.04280933,0.057910174,0.09105494
75,8,0.33834094,-0.075628534,-0.18143001,0.1731329,0.09676844,0.12095879,-0.035353437,0.21168676,0.12960903,0.33834094,0.26827854,-0.17540216,-0.11205851,-0.044900298,0.036463067,0.02482573,0.22470872
76,6,0.11235754,0.017988736,0.101791695,0.084638275,-0.00055248535,0.09235172,0.096237965,0.11235754,0.08930425,0.068164915,0.0500769,0.10787929,0.05941186,0.037007514,0.0042718463,-0.0032721788,0.08234215
77,15,0.18316208,0.013430334,0.06402811,0.03284379,0.052669905,0.12211638,0.03520957,0.02694271,0.0646241,0.1616454,0.07928954,0.061936937,0.020979973,0.058818914,0.010983186,0.011319117,0.18316208
78,10,0.2705801,0.124651894,0.15508735,0.0753667,-0.03783928,0.12984395,0.03513305,0.02891412,0.03516148,-0.04600964,-0.06703117,0.2705801,0.24983653,-0.0015028494,0.054626513,0.023609785,-0.030428544
79,9,0.10617041,0.029040514,0.03420672,0.085518405,0.057143018,0.06713087,0.063375644,0.0888399,0.061839376,0.09396314,0.10617041,0.04314998,0.0381427,0.05918952,0.06289889,0.06423976,0.04515109
80,9,0.15923096,0.046039212,0.036681745,0.057556994,0.037353437,0.03149796,0.079162866,0.07001851,0.09337603,0.11061824,0.15923096,0.03947165,0.024826817,0.042624682,0.07201429,0.05917606,0.040350467
81,9,0.10727328,0.036646765,0.039084118,0.071812674,0.058146175,0.05851377,0.07337599,0.077608794,0.07793378,0.103897676,0.10727328,0.027467785,0.027681444,0.05656455,0.06727885,0.07189692,0.04481746
82,9,0.12539397,0.059175164,0.0035638707,0.095485955,0.0490927,0.062196348,0.051628966,0.06913257,0.066804275,0.11044012,0.12539397,0.03506731,0.0149288075,0.075444,0.037487652,0.038144495,0.10601378
83,8,0.19439586,0.040235523,0.010459254,0.06886667,0.02554345,0.13331199,0.015799893,0.06820645,0.059037067,0.19439586,0.10466495,0.04602125,0.004047099,0.031206345,0.02840046,0.031906027,0.13789771
84,8,0.114299566,0.04131763,0.040812768,0.068779305,0.045120936,0.08403624,0.060218014,0.074800186,0.07593792,0.114299566,0.093105614,0.027534233,0.023080567,0.05456003,0.0560004,0.061943606,0.07845295
85,13,0.12245943,0.04127272,0.050302826,0.076244004,0.11751721,0.06259863,0.040485,0.02139945,0.06854954,0.0672479,0.0022810495,0.03879333,0.040552095,0.06817417,0.12245943,0.1218416,0.060281053
86,3,0.11951883,0.03250502,0.019555464,0.11268851,0.11951883,0.0779335,0.035031747,0.04069977,0.053686645,0.07445005,0.06338232,0.017669024,0.015479685,0.07005589,0.09709184,0.100982815,0.069268875
87,15,0.19364789,0.02208486,0.051040273,0.041985415,-0.0052816058,0.18204029,0.044613905,0.072272755,0.08269442,0.12363755,0.037884027,0.078220285,0.051766388,0.02425064,0.0023912285,-0.003248291,0.19364789
88,8,0.11543868,0.09093315,0.047456972,0.09076442,0.06583441,0.08474192,0.03259737,0.058562715,0.07126244,0.11543868,0.0925219,0.060168706,0.0014317527,0.084545456,-0.0086984,0.0028982533,0.10954025
89,14,0.1851764,0.015266578,-0.048494335,0.09788128,0.15974702,0.028976768,0.04327217,0.0652352,0.13035847,0.14544226,0.0090637505,-0.080564365,-0.079509996,0.07903897,0.17399605,0.1851764,0.07511372
90,3,0.13586047,0.01918643,0.0103330845,0.11759157,0.13586047,0.076181084,0.0317351,0.032315277,0.05053685,0.06272486,0.06602007,0.0059393207,0.011503407,0.07587377,0.10685568,0.10722043,0.090122655
91,15,0.107189104,0.06487716,0.062667735,0.07044505,0.044492703,0.08079333,0.022716053,0.05502048,0.06320365,0.071288235,0.041079305,0.0862518,0.076145776,0.07448372,0.042017765,0.037328135,0.107189104
92,7,0.1507006,0.1181148,0.13655524,-0.023150878,-0.025968473,0.015518284,0.061557475,0.092480905,0.1507006,0.06777026,0.035828013,0.103366,0.094890036,-0.0005990272,0.051341183,0.009754393,0.11184125
93,12,0.11013001,0.052745543,0.006624432,0.09278658,0.065743245,0.1046188,0.035637252,0.08856072,0.07026747,0.08429343,0.049679015,0.015075133,-0.010169134,0.11013001,0.07037225,0.06388108,0.09975417
94,15,0.10056939,0.07191188,0.06885538,0.07282802,0.049774427,0.06518871,0.024035318,0.051709138,0.061579626,0.06550211,0.033439167,0.085196756,0.07380695,0.071067646,0.054912623,0.04962281,0.10056939
95,15,0.12740341,0.044974342,0.072296984,0.08872938,0.03742337,0.06778477,0.04486557,0.067467764,0.08433913,0.10046649,0.043178666,0.066043764,0.01448762,0.06444099,0.0438607,0.03223702,0.12740341
96,13,0.1250323,0.0944253,0.011217491,0.08432657,0.11605422,-0.027247654,0.012877629,0.066553324,0.08715466,0.051474016,0.044069204,0.033801127,0.011819153,0.10255188,0.1250323,0.11458896,0.0713018
97,6,0.14704521,0.022053307,0.0577475,0.09535222,-0.011644999,0.086933434,0.062497515,0.14704521,0.0977734,0.1003044,0.10774794,0.07944086,0.004844752,0.059991423,-0.0016509753,-0.010524089,0.10208806
98,9,0.10812593,0.027192883,0.021867245,0.08547185,0.056399576,0.07611188,0.050811943,0.079245284,0.06237828,0.09945213,0.10812593,0.045219727,0.039054867,0.061510712,0.05862501,0.0676046,0.06092813
99,8,0.12001774,0.050759897,0.0004094611,0.11471721,0.07227885,0.09848195,0.022290567,0.061805166,0.05274245,0.12001774,0.07585819,0.05108063,0.035881326,0.06660677,0.054436583,0.070488274,0.052144904
100,9,0.28590837,-0.041535303,0.015495634,-0.015088464,-0.015549198,0.05295839,0.08438056,0.15621485,0.13374239,0.255204,0.28590837,-0.026468469,-0.054865893,0.03919365,0.085000545,0.047491383,-0.0020823523
101,15,0.18666859,0.07161734,0.031991877,0.034600295,0.06874973,0.06830556,0.03025352,0.06525612,0.090624094,0.12135205,0.061429337,-0.0028323806,-0.023387766,0.08310346,0.052497055,0.059771143,0.18666859
102,10,0.09728108,0.052722756,0.06554163,0.074225344,0.01780304,0.08606083,0.03811225,0.071989685,0.06711805,0.07168241,0.07250573,0.09728108,0.07203407,0.064827316,0.03260057,0.027209373,0.08828578
103,2,0.122683935,0.042937618,0.022270702,0.122683935,0.06297126,0.09322971,0.03777939,0.101890676,0.07840211,0.10492761,0.027146578,0.0053768395,-0.00735059,0.08527595,0.056878377,0.06450958,0.101070285
104,8,0.2049492,0.039303254,-0.0065441574,0.10233759,0.032942615,0.11615956,0.047416948,0.14986737,0.09577018,0.2049492,0.09849877,-0.026960935,-0.06823349,0.07494802,-0.017402107,-0.0063476493,0.1632948
105,8,0.1240756,0.023979047,-0.0042921817,0.12133324,0.08329811,0.05360342,0.058003616,0.08696942,0.07059454,0.1240756,0.09336288,-0.027135486,-0.037186906,0.06736993,0.10778486,0.10592265,0.07231721
106,8,0.11442296,0.055100877,0.06566755,0.09271296,0.052178435,0.059814237,0.05250092,0.06732203,0.061336014,0.11442296,0.084157124,0.07402209,0.043183412,0.04787729,0.0334886,0.03317146,0.063044004
107,8,0.113836914,0.052411143,0.048273675,0.099651806,0.050693974,0.063450076,0.049647406,0.058030475,0.07259919,0.113836914,0.08607885,0.030160522,0.0029220849,0.06729379,0.06301994,0.05837631,0.08355387
108,1,0.0897593,0.07522922,0.0897593,0.07065761,0.05790691,0.059253797,0.054480445,0.0334045,0.059697486,0.05555274,0.07299811,0.07947815,0.07382685,0.051960602,0.047097992,0.049471445,0.06922495
109,9,0.12708013,0.058167867,0.042213593,0.09112438,0.039178826,0.05171847,0.071136676,0.062671535,0.07536897,0.09597969,0.12708013,0.03373396,0.026908308,0.047937036,0.05360334,0.03314701,0.090030186
110,8,0.17923883,0.01771279,0.018456643,0.07586435,0.025336359,0.15217333,0.02777602,0.034864303,0.06958058,0.17923883,0.057937615,0.030171588,-0.017883837,0.041190047,0.08867911,0.07600241,0.122899875
111,8,0.14581576,0.10151331,0.0031553449,0.11698835,0.048306588,0.04598263,0.046382636,0.043837804,0.06685788,0.14581576,0.12632555,0.01833438,0.0022619194,0.06344176,0.031744305,0.028357048,0.110694736
112,8,0.11407068,0.053422235,0.030801572,0.09212458,0.04926359,0.042792834,0.043457396,0.057650603,0.07163107,0.11407068,0.10928844,0.0323073,0.013193717,0.07788153,0.055740763,0.05317854,0.10319515
113,2,0.0935619,0.053584233,0.042836692,0.0935619,0.062794454,0.056585208,0.0633777,0.06596519,0.06213406,0.08106639,0.07773518,0.033899505,0.025333812,0.05910289,0.07098971,0.06829204,0.08274103
114,2,0.103194185,0.022538139,0.03546965,0.103194185,0.099912755,0.097031996,0.06264975,0.043503154,0.049551975,0.07973184,0.07442604,0.034299683,0.019363195,0.063992366,0.07530728,0.07750638,0.061521627
115,2,0.09857359,0.058760125,0.035286553,0.09857359,0.0591711,0.098270185,0.05394187,0.062330984,0.06635936,0.063434094,0.05331462,0.047144,0.032180503,0.08366161,0.05801119,0.0564384,0.073121846
116,9,0.1884926,0.046820175,0.035871726,0.045151852,0.035282522,0.029878564,0.0762974,0.061843757,0.08626416,0.12312318,0.1884926,0.03963088,0.03477405,0.031316865,0.066782095,0.05634707,0.042123083
117,10,0.13156672,0.08319541,0.07102884,0.08349245,0.012998738,0.13113114,0.041036412,0.04214037,0.07624388,0.09886725,0.039198406,0.13156672,0.07401143,0.016244842,0.01613767,-0.01240494,0.09511143
118,8,0.12399373,0.031527888,0.016042557,0.1000509,0.04571945,0.083049476,0.0611597,0.09497373,0.07678288,0.12399373,0.10535271,0.011690344,0.005619421,0.05064254,0.059865568,0.05050718,0.08302188
119,4,0.12650496,0.046804775,0.028625453,0.09243717,0.06363988,0.12650496,0.05837887,0.06483822,0.06446568,0.047962617,0.04649001,0.04270733,0.043252196,0.07016667,0.08015611,0.07321312,0.050356872
120,13,0.11510187,0.042571355,0.03158093,0.06468705,0.06940785,0.025899874,0.109262764,0.08963312,0.11041065,0.035017863,0.044778094,0.011799444,0.024226094,0.06464736,0.11510187,0.095451035,0.065524645
121,15,0.12252409,0.072392985,0.040519558,0.07394641,0.06381603,0.041461196,0.06502375,0.07328959,0.08524861,0.04440859,0.031817663,0.021776797,0.036042783,0.07549792,0.07664647,0.07558762,0.12252409
122,4,0.1301433,0.09745323,0.015813632,0.11724264,0.06863309,0.1301433,0.051220853,0.02349752,0.048956815,0.06065426,0.03788079,0.053246874,0.047533527,0.059719678,0.049808685,0.06472692,0.07346819
123,9,0.09933171,0.040465105,0.038863927,0.07254069,0.06900454,0.058341913,0.06711733,0.06717045,0.070088916,0.09544248,0.09933171,0.027066868,0.028231187,0.059990954,0.07927664,0.08384162,0.04322564
124,14,0.09453084,0.035866868,0.030227117,0.084670715,0.0760889,0.071181156,0.05150745,0.05970299,0.06137002,0.08696617,0.07708017,0.038493484,0.030970773,0.059081327,0.08588411,0.09453084,0.056377865
125,2,0.09996371,0.06286549,0.032542817,0.09996371,0.05413225,0.09305681,0.056626897,0.07436182,0.054746196,0.053560868,0.0695391,0.055022717,0.049010795,0.08174254,0.039515045,0.036315136,0.086997755
126,10,0.10241714,0.061737906,0.057184085,0.08613638,0.06591277,0.08075711,0.025676368,0.04472336,0.040032525,0.06919646,0.06874553,0.10241714,0.07645434,0.089052856,0.032729764,0.038803227,0.060440227
127,9,0.13826452,0.045340322,0.015110793,0.094982475,0.039398175,0.07688302,0.07361725,0.06763374,0.07633052,0.12772219,0.13826452,0.03844543,0.04084294,0.07320835,0.029372953,0.03522951,0.02761774
128,12,0.09717699,0.05242033,0.05743809,0.066188864,0.059863776,0.06813513,0.03961845,0.05933864,0.08728401,0.043492854,0.042442653,0.061736945,0.05020841,0.09717699,0.07099356,0.06421794,0.07944337
129,4,0.09265961,0.055764597,0.018351562,0.08152224,0.06357489,0.09265961,0.051641643,0.058975104,0.08399702,0.05971508,0.04793142,0.041173704,0.040271048,0.054884,0.08712713,0.08439909,0.078011826
130,14,0.091039315,0.043511804,0.0373187,0.088908,0.07242258,0.04797264,0.0596587,0.04830769,0.06660245,0.043278713,0.063234985,0.05233961,0.041610766,0.080342434,0.090406835,0.091039315,0.073044814
131,3,0.09003774,0.06775264,0.04781688,0.08911398,0.09003774,0.04749553,0.048262708,0.037115503,0.049638223,0.059685424,0.067324676,0.051524322,0.041352883,0.08780287,0.07353333,0.08287818,0.058665086
132,8,0.08087278,0.07842769,0.039079003,0.07607384,0.07628775,0.035785723,0.04567635,0.041073762,0.056872398,0.08087278,0.08072032,0.054403324,0.04330515,0.07873807,0.06530247,0.074511975,0.07286938
133,7,0.109372154,0.062313393,0.06369675,0.06389994,0.047708083,0.08154768,0.048265956,0.07967683,0.109372154,0.058696017,0.05201059,0.056524433,0.034745526,0.06866317,0.03100755,0.043449752,0.098422214
134,5,0.21068148,0.010312673,0.08382209,0.0050088875,0.079665355,-0.045043692,0.21068148,0.1332249,0.12615776,0.07653022,0.07792838,0.02689581,0.003218348,0.037159637,0.13237718,0.050926294,-0.008865354
135,6,0.11259787,0.07229776,0.07547985,0.07875042,0.016511703,0.044164997,0.09863239,0.11259787,0.091011554,0.04097171,0.09630099,0.055508967,0.021669777,0.064497896,0.04852406,0.048584647,0.034495436
136,13,0.105510905,0.00834621,0.025377644,0.09715623,0.06931027,0.09746769,0.05303822,0.05732305,0.07661501,0.06922852,0.05891186,0.010696753,-0.0016792732,0.08604814,0.105510905,0.098139815,0.08850895
137,15,0.12808706,0.009072019,0.04168559,0.09337466,0.06954006,0.09630916,0.04503066,0.054372907,0.0664903,0.038894758,0.007198024,0.034721132,0.024842164,0.07677366,0.11223015,0.10137767,0.12808706
138,2,0.087767854,0.0651726,0.04339716,0.087767854,0.08679798,0.05018782,0.04570872,0.036100987,0.05278047,0.068771265,0.058315042,0.04464813,0.042679124,0.07987476,0.07151369,0.07954402,0.0867404
139,13,0.10697176,0.059346374,0.03892704,0.07264076,0.1027378,0.062250864,0.060991157,0.0492893,0.062602215,0.02771589,0.038940024,0.03784043,0.03235784,0.08000131,0.10697176,0.10068333,0.06670393
140,4,0.13743734,0.021657487,0.049459837,0.07202543,0.08262515,0.13743734,0.027952429,0.034351084,0.054974288,0.084243275,0.09803586,0.033969086,0.06366502,0.064848356,0.06004654,0.07167188,0.043036908
141,3,0.11993229,0.07649184,0.051414594,0.08441497,0.11993229,0.10551448,0.013146753,0.024305893,0.044782776,0.062115215,0.021507598,0.060228363,0.068327114,0.062150445,0.045948103,0.050588693,0.109130956
142,3,0.11644379,0.09534933,0.05192614,0.06490176,0.11644379,0.09268595,0.029106947,0.0070008705,0.029694885,0.02081828,0.05193481,0.097757466,0.07978345,0.073362134,0.06504713,0.074638285,0.04954879
143,15,0.13585728,0.04849408,0.07554109,0.027364014,0.032585558,0.046571545,0.07780772,0.0839166,0.1121432,0.019778484,0.004164007,0.043472987,0.058361832,0.06429772,0.090730175,0.078913696,0.13585728
144,1,0.100259505,0.054750722,0.100259505,0.051943738,0.056791153,0.05460491,0.0512966,0.061259758,0.08172462,0.07381382,0.07479301,0.056070093,0.04715807,0.059157234,0.06517621,0.065684356,0.045516167
145,4,0.10535934,0.082148336,0.054848764,0.049425475,0.06420692,0.10535934,0.035462447,0.057447776,0.04930115,0.046132647,0.04218872,0.07388634,0.073479205,0.08033148,0.05291907,0.06759586,0.065266445
146,15,0.18205795,0.07189243,0.030339615,0.08851696,0.04952301,0.09745289,0.044021167,0.04211544,0.07296769,0.11135402,0.06674525,0.048661884,0.018845834,0.05482373,0.0057559134,0.014926243,0.18205795
147,8,0.1912379,0.04885808,0.038987298,0.06916596,0.03545738,0.12636492,0.048464328,0.055663377,0.06670449,0.1912379,0.10579308,0.05238614,0.021592684,0.00725348,0.031694997,0.046147656,0.054228142
148,7,0.10513815,0.05011111,0.000564574,0.090062454,0.08560831,0.068356745,0.07142691,0.0751995,0.10513815,0.10417928,0.0766841,-0.005786855,0.0014286761,0.039633803,0.065510914,0.08624898,0.0856334
149,12,0.090424284,0.07896169,0.03910724,0.07888,0.08368101,0.048061367,0.0576256,0.056912705,0.068170756,0.074306525,0.07610184,0.036181204,0.030180568,0.090424284,0.059221793,0.064733624,0.05744978
150,8,0.17512286,0.07133326,0.023073586,0.089483395,0.057978746,0.071638055,0.055155043,0.043683123,0.047554087,0.17512286,0.10910574,0.014739641,0.0051224846,0.05910196,0.041550994,0.04894883,0.08640822
151,12,0.12960269,0.041698284,0.041048888,0.0879451,0.06519337,0.06320517,0.039652284,0.081327654,0.04203807,0.046899576,0.07400588,0.04477049,0.03592554,0.12960269,0.054948177,0.06306713,0.08867167
152,12,0.10894806,0.052146964,0.03910615,0.08528919,0.07351281,0.07380673,0.04858265,0.09695622,0.07255671,0.05973401,0.056319725,0.028112967,0.02163619,0.10894806,0.052018166,0.05157693,0.079696536
153,6,0.12288395,0.041638974,0.056904614,0.06796161,0.017227264,0.08590324,0.06775721,0.12288395,0.099301524,0.08833539,0.06473958,0.04820152,0.02592946,0.083303064,0.015743248,0.024952002,0.08921731
154,15,0.14047086,0.029201617,0.023636172,0.13900492,0.071331784,0.12828378,-0.033165853,0.05149982,0.044258073,0.13007727,0.06265854,0.0091606295,-0.0049769958,0.12710741,0.042658407,0.03879351,0.14047086
155,13,0.09904663,0.08020461,0.0811876,0.06382727,0.06178243,0.035229757,0.05041477,0.04383615,0.07245703,0.04182883,0.042135213,0.081112266,0.06266896,0.041883163,0.09904663,0.08255092,0.059834328
156,13,0.19845544,0.09487652,0.041934073,0.06573016,0.05152584,0.060911246,0.0676464,0.0904789,0.1308047,-0.03515919,-0.08073766,0.024109097,-0.0442849,0.08035308,0.19845544,0.15169278,0.10166352
157,2,0.08011969,0.06322892,0.06530511,0.08011969,0.07311319,0.05513363,0.05171256,0.04702368,0.06659859,0.06913276,0.06742989,0.0679601,0.03616077,0.076204345,0.05198383,0.05420038,0.074692555
158,2,0.092447825,0.039522253,0.044112477,0.092447825,0.06991523,0.08735222,0.052168384,0.07004708,0.0633852,0.046577875,0.025288839,0.048029616,0.030641627,0.08551287,0.0841181,0.081148565,0.07973187
159,4,0.10788978,0.040910468,0.064284645,0.052884415,0.06072775,0.10788978,0.060379785,0.048508164,0.060657427,0.062569134,0.08878022,0.082855515,0.05972993,0.057403173,0.046666946,0.055080906,0.05067173
160,3,0.09587141,0.063816525,0.054171607,0.07579521,0.09587141,0.083004095,0.04204936,0.037032597,0.0496107,0.045180093,0.046349812,0.08338734,0.07734429,0.069755316,0.055310722,0.07697297,0.044348005
161,3,0.09608282,0.09079586,0.072293125,0.09035269,0.09608282,0.052868087,0.052699152,0.026687482,0.047059238,0.0054747644,0.018604366,0.0714997,0.063302554,0.081909806,0.0882356,0.085582845,0.056551877
162,15,0.15654027,0.041748382,-0.012799098,0.12561837,0.108124055,0.057989374,0.05884488,0.09766466,0.09660449,-0.023361532,-0.06382123,-0.025517417,-0.04426683,0.15199801,0.14486432,0.12976931,0.15654027
163,11,0.2045958,0.034063097,0.15027526,0.030019797,0.062371347,-0.117406495,0.14007203,0.03581237,0.015979983,0.046907507,0.15092897,0.1831369,0.2045958,-0.060496453,0.039594196,0.023868054,0.060277622
164,1,0.14172289,0.12968202,0.14172289,0.038337782,0.028817758,0.034395725,0.09618713,0.037808374,0.044538096,-0.0020156698,0.11418681,0.13536224,0.13140331,0.013514868,0.012871654,0.04133143,0.0018556174
165,0,0.09047631,0.09047631,0.07390941,0.077560306,0.08820375,0.035854444,0.05615789,0.053839613,0.04401625,0.0081701875,0.03891427,0.07753717,0.087088384,0.079178944,0.05291186,0.07335211,0.062829085
166,0,0.10608521,0.10608521,0.08370751,0.09526269,0.078468814,-0.005546982,0.084729664,0.04923763,0.050766557,0.029646035,0.08863077,0.0935914,0.07103595,0.079875566,0.029058656,0.040711932,0.024738627
167,2,0.08961729,0.071918055,0.07343155,0.08961729,0.08506895,0.06625289,0.06165075,0.064592026,0.05486723,0.0052986355,0.020416271,0.07058088,0.08431882,0.077821866,0.060545415,0.07203392,0.041585486
168,12,0.09353982,0.08538618,0.059946023,0.0793069,0.08211198,0.0678317,0.052852344,0.06682595,0.061006714,0.026303802,0.035162896,0.06564266,0.054999053,0.09353982,0.037338212,0.052901693,0.07884404
169,1,0.14329822,0.09084765,0.14329822,0.03244232,0.032596216,0.01898233,0.056578975,0.043158256,0.07637529,0.03311696,0.049045052,0.114858076,0.11913048,0.045338947,0.039460883,0.031890463,0.07287981
170,1,0.113368236,0.076165184,0.113368236,0.054778498,0.05256193,0.04788071,0.045696735,0.04759787,0.07917963,0.023975885,0.036625158,0.096677914,0.09230274,0.04348636,0.06545326,0.07204022,0.052209634
171,3,0.09778342,0.060584396,0.07851786,0.07154514,0.09778342,0.08266845,0.047281686,0.034654334,0.030332297,0.007987992,0.03957885,0.09289647,0.09081462,0.09083317,0.060170274,0.074033745,0.040317368
172,7,0.08442014,0.039815575,0.072425514,0.058009185,0.057378888,0.06481398,0.07928427,0.074956626,0.08442014,0.06782956,0.07247366,0.034600567,0.07312322,0.052579094,0.047755998,0.06862847,0.051905233
173,2,0.08979513,0.064707376,0.0628805,0.08979513,0.08293828,0.07689142,0.049519047,0.044625353,0.04686495,0.046221934,0.051134545,0.06763206,0.066457145,0.064982325,0.055082142,0.059845947,0.070421785
174,1,0.1249986,0.093921356,0.1249986,0.062307175,0.056394227,0.08203484,0.031351324,0.026118731,0.052976,0.012108325,0.029681893,0.10442057,0.10680122,0.07004358,0.027353663,0.044481806,0.075006686
175,14,0.15582897,0.056390125,0.120775804,0.030125763,0.10326326,0.1075575,0.012148056,-0.029727891,0.040572904,-0.056052834,-0.10995201,0.096691,0.1203158,0.08948367,0.13463792,0.15582897,0.12794197
176,4,0.09378279,0.07139273,0.051701963,0.06680156,0.0885274,0.09378279,0.032038942,0.026810762,0.053813793,0.058638334,0.061518695,0.06137698,0.057357337,0.08319982,0.06802325,0.07813045,0.04688523
177,2,0.1264616,0.0860051,0.03203628,0.1264616,0.11489909,0.050581276,0.025572743,0.025198238,0.028262759,0.080780745,0.071589634,0.04365823,0.031767357,0.11416326,0.047469042,0.06290117,0.058653537
178,2,0.10609831,0.069876544,0.041187115,0.10609831,0.07810524,0.070673764,0.03959413,0.050951496,0.051126316,0.087220795,0.056636877,0.045562293,0.026720276,0.100650616,0.049737033,0.05900037,0.06685881
179,15,0.10150865,0.091969825,0.07247646,0.069218166,0.05830267,0.057406664,0.021602124,0.044642672,0.09197119,0.058063824,0.026688414,0.06446413,0.040462833,0.0724846,0.062380556,0.066357225,0.10150865
180,15,0.083738856,0.03930984,0.052688077,0.07982937,0.049530897,0.06911863,0.073815756,0.08021111,0.077048086,0.07704341,0.06607941,0.048398264,0.04381076,0.057314705,0.052523267,0.049539566,0.083738856
181,4,0.11486658,0.06743708,0.035015497,0.09672153,0.06142662,0.11486658,0.06170193,0.07036814,0.076426744,0.08025771,0.053464226,0.035839662,0.031164628,0.050600644,0.044492535,0.04923512,0.07098135
182,0,0.14856339,0.14856339,0.095467895,0.08933922,0.061635297,0.041258886,0.031180045,0.024006946,0.033408068,0.05218243,0.04158395,0.09271827,0.075476065,0.06843472,0.022454184,0.02852046,0.093770124
183,0,0.14954685,0.14954685,0.08240337,0.07453359,0.046868764,0.030595442,0.062598065,0.04602211,0.0517444,0.0555639,0.055201504,0.07937936,0.082180955,0.05756057,0.021913717,0.024610657,0.07927674
184,0,0.10156464,0.10156464,0.088906124,0.09224675,0.089690454,0.028732613,0.06401341,0.042053122,0.032657564,0.03554107,0.07209411,0.0772514,0.093962096,0.08905139,0.020416606,0.05083023,0.020988468
185,15,0.15805924,0.077061996,0.0071359565,0.100708276,0.10477244,0.059944093,0.018144257,0.020109365,0.046661377,0.08392761,0.065789916,0.026946805,0.023032535,0.09293834,0.046772715,0.0679951,0.15805924
186,0,0.1210217,0.1210217,0.048676025,0.09411061,0.10378792,0.044492975,0.02551938,0.020359825,0.027501702,0.06677449,0.056762133,0.06657359,0.050958246,0.065499745,0.048255827,0.06335012,0.0963557
187,15,0.10604044,0.07660353,0.054747514,0.09379754,0.06978615,0.055558547,0.075282805,0.060534757,0.07499422,0.051025975,0.04682224,0.049146887,-0.008621138,0.06438289,0.06697495,0.0629226,0.10604044
188,15,0.09903045,0.058852863,0.040246706,0.098872125,0.09238826,0.08129843,0.021805296,0.023027109,0.038658947,0.07979182,0.055041187,0.0860371,0.04554567,0.086298876,0.04435753,0.048747588,0.09903045
189,10,0.21498466,0.1633453,0.07296222,0.07535439,0.058891978,0.02945481,0.0049975445,-0.020559704,0.036519166,0.18545726,0.043599453,0.21498466,0.1284846,-0.0117208185,-0.029184764,-0.010305305,0.057719205
190,10,0.26127052,0.14334905,0.15075232,0.13918385,0.10889667,-0.029582832,-0.03705189,-0.06556728,-0.021655547,0.048017435,0.0021171563,0.26127052,0.17094038,0.055188578,-0.04374627,-0.00370153,0.12158943
191,10,0.10160573,0.09528554,0.07810995,0.08488829,0.0726767,0.069700435,0.039831117,0.01652585,0.03707774,0.06556923,0.064480476,0.10160573,0.079445206,0.076053,0.008126004,0.016270163,0.094354555
192,12,0.08950683,0.069912195,0.061359275,0.08379488,0.08023981,0.06664743,0.031008745,0.029840581,0.04108483,0.06651657,0.051210273,0.07775596,0.0619302,0.08950683,0.05062587,0.05665936,0.081907175
193,15,0.12603739,0.06913762,0.05168603,0.093065776,0.08142407,0.0660161,0.0376635,0.029928435,0.045847006,0.052122828,0.03814199,0.067584,0.047493048,0.07545629,0.057966586,0.060429327,0.12603739
194,3,0.10896673,0.08786472,0.054631136,0.10470138,0.10896673,0.031889867,0.0351906,0.03227732,0.042770524,0.07420694,0.06997177,0.050664764,0.03676327,0.09636347,0.05283014,0.067251004,0.053656314
195,9,0.09344317,0.08407558,0.06278942,0.08413733,0.08237191,0.036279738,0.051334456,0.04893697,0.045565974,0.08140436,0.09344317,0.06405277,0.05591471,0.084214754,0.03770071,0.047943786,0.039834443
196,15,0.15722631,0.06590424,0.020141808,0.108200826,0.087053426,0.13382797,-0.023547677,0.0050874474,0.056778274,0.052701045,-0.03594527,0.06847599,0.040913895,0.1177885,0.059540685,0.08585254,0.15722631
197,7,0.11440476,0.067520425,0.05577565,0.043210316,0.025675861,0.0424874,0.083606824,0.056240674,0.11440476,0.088280246,0.019348364,0.09271587,0.05014417,0.058922358,0.06456866,0.05710754,0.07999082
198,15,0.088212155,0.07457514,0.04690047,0.06709907,0.06286313,0.054622598,0.050680988,0.048798826,0.082029924,0.0628333,0.04068008,0.045281414,0.037969455,0.07425446,0.07918236,0.08401666,0.088212155
199,2,0.09471142,0.05799267,0.038924683,0.09471142,0.090959854,0.062216427,0.041300014,0.04702996,0.05064466,0.08335078,0.0832754,0.046352375,0.041083742,0.076624446,0.05549867,0.06894103,0.06109392
200,2,0.12232161,0.08707459,0.044391263,0.12232161,0.11249433,0.04515891,0.027265681,0.022162417,0.028631577,0.08312844,0.072584175,0.047690354,0.03841876,0.10810586,0.039983373,0.058211174,0.062377494
201,6,0.09620358,0.048478913,0.05439686,0.06698755,0.058569074,0.06783935,0.06686607,0.09620358,0.084088124,0.03513318,0.060339674,0.046751663,0.0433657,0.056386035,0.08029646,0.07574662,0.05855112
202,12,0.15907802,0.008611748,0.031868663,0.099386804,0.037495714,0.078545205,0.016443292,0.046686243,0.023659961,0.05224399,0.10582139,0.073019296,0.074744105,0.15907802,0.039254528,0.043198936,0.10994215
203,12,0.10573958,0.0931831,0.07030398,0.07679713,0.074936904,0.04374392,0.055339586,0.03131289,0.033135813,0.037300624,0.056179233,0.067942075,0.062657796,0.10573958,0.046416044,0.06483988,0.080171436
204,15,0.10174231,0.0494271,0.052458476,0.070457675,0.062144678,0.071210034,0.028001662,0.04440136,0.06825308,0.066912346,0.052205022,0.06851464,0.054483816,0.08921478,0.06083852,0.059734542,0.10174231
205,2,0.11650598,0.10700127,0.033145506,0.11650598,0.07624474,0.062651806,0.03454087,0.025706166,0.029864185,0.078792825,0.083704464,0.06026767,0.034841757,0.101266615,0.04047023,0.03415702,0.08083893
206,0,0.11765708,0.11765708,0.09956587,0.0998861,0.108825594,0.069240525,-0.004984647,-0.000837058,0.0066171656,0.049763642,0.028996646,0.11366723,0.09449727,0.09343673,0.031683285,0.04812799,0.043856625
207,12,0.10997256,0.06656191,0.048989523,0.096097626,0.09400703,0.059827607,0.021918373,0.027437733,0.033962794,0.08316593,0.06823331,0.07503493,0.05242613,0.10997256,0.040072042,0.05025571,0.0720368
208,12,0.106786095,0.06966822,0.047592632,0.08840427,0.09125099,0.061945003,0.015004647,0.006272936,0.034774087,0.06087589,0.050111268,0.09519056,0.08598486,0.106786095,0.03153601,0.054985,0.09961761
209,15,0.15570545,0.04915368,0.037092485,0.07212912,0.042625494,0.10957007,0.047282677,0.036696233,0.07245183,0.12117493,0.029794259,0.052438132,0.02117493,0.042866968,0.057138305,0.052705407,0.15570545
210,14,0.11791885,0.066255555,0.044606417,0.08868669,0.10775444,0.00030209598,0.07328433,0.08359539,0.081296764,0.010653958,0.03627577,0.021954756,0.022529554,0.079272486,0.11607855,0.11791885,0.049534425
211,4,0.15332419,0.041251287,0.05103959,0.0919665,0.062166587,0.15332419,0.06016472,0.07401129,0.0554191,0.023931678,0.045987166,0.05682159,0.04093689,0.06821184,0.07968483,0.0714854,0.02359738
212,12,0.103176534,0.06708597,0.048285056,0.09430944,0.09856767,0.0634221,0.030448552,0.03572288,0.039314434,0.066180065,0.06960461,0.058504246,0.043686744,0.103176534,0.058031254,0.06663642,0.05702403
213,2,0.12917623,0.043229062,-0.008085625,0.12917623,0.11746613,0.1282215,0.010115028,0.019848319,0.0032915103,0.09650783,0.08278365,0.03690499,0.03595116,0.12802394,0.067709744,0.089195,0.01966152
214,1,0.13173275,0.048402846,0.13173275,0.03874712,0.02414916,0.06221096,0.041628607,0.07150884,0.08152722,0.07746003,0.08350572,0.09418365,0.051816512,0.06681111,0.039870445,0.037493125,0.04895192
215,1,0.16540793,0.07362566,0.16540793,0.051334906,0.09179106,0.033263564,0.013678995,0.012527353,0.045762572,0.07628219,0.087079786,0.11337145,0.06464,0.08970707,0.031970125,0.046064083,0.003493247
216,1,0.110938415,0.05977813,0.110938415,0.07612167,0.07973808,0.031217197,0.05158148,0.054991778,0.05457249,0.056525797,0.049942475,0.070549496,0.051285066,0.08578028,0.0542619,0.06380719,0.0489086
217,12,0.113059536,0.06420117,0.07607325,0.068636894,0.07484978,0.04325996,0.030610893,0.033441827,0.059332162,0.030188762,0.03240879,0.061642896,0.05664221,0.113059536,0.07196856,0.07338266,0.11030066
218,1,0.13708732,0.07306178,0.13708732,0.039435547,0.04647721,0.061684344,0.048158024,0.048299216,0.069993705,0.042061124,0.0552613,0.09938019,0.07754753,0.06494043,0.04413051,0.049070645,0.04341115
219,1,0.0999396,0.077149235,0.0999396,0.080878235,0.08647152,0.042725284,0.041697092,0.01994953,0.050705012,0.06557453,0.058744512,0.07361771,0.07628828,0.067077644,0.052156463,0.065648936,0.04137639
220,1,0.124725826,0.0884569,0.124725826,0.043782152,0.071642175,0.062380176,0.016342191,0.015837321,0.1030539,0.07624178,0.037637837,0.08303918,0.029461376,0.07866552,0.030312145,0.03422526,0.1041963
221,1,0.13417548,0.02844161,0.13417548,0.021816643,0.03335915,-0.013581397,0.0832032,0.11255166,0.123933986,0.08775818,0.048855036,0.06951572,0.011577093,0.03737304,0.10751068,0.068537995,0.04497197
222,1,0.0945191,0.07485765,0.0945191,0.0810823,0.09307668,-0.01781306,0.05745833,0.016339678,0.05491033,0.056043513,0.062237214,0.056817878,0.0744269,0.06647056,0.07169097,0.084759176,0.0731227
223,15,0.121412516,0.09478318,0.029996539,0.119193316,0.036687735,0.08721766,0.042677872,0.079279564,0.05592835,0.07561138,0.06975717,0.039415255,0.025217235,0.10700719,0.008938776,0.0068762572,0.121412516
224,15,0.11255275,0.009680606,0.03378504,0.07862453,0.07406752,0.10536101,0.029634412,0.0658338,0.049213566,0.038736507,0.046175055,0.069713645,0.0776581,0.1055901,0.049323864,0.054049462,0.11255275
225,15,0.097847745,0.05564653,0.05016071,0.09697441,0.08067401,0.05497172,0.044484366,0.06033928,0.062281985,0.06854509,0.05910332,0.022937778,0.02413716,0.071747,0.07596257,0.07418636,0.097847745
226,7,0.1160743,0.03802342,0.06170892,0.04933519,0.08456098,0.02014759,0.06485585,0.06410845,0.1160743,0.0042237286,0.0062388703,0.062459294,0.053396005,0.06554515,0.11548748,0.103682786,0.09015188
227,15,0.12793112,0.002409854,0.02934657,0.09139368,0.09998477,0.08481412,0.048115857,0.06196108,0.07823386,0.060796425,0.04836147,0.04004182,-0.012021441,0.09849177,0.08045978,0.059679322,0.12793112
228,12,0.14242102,-0.021108808,0.09438069,0.09900304,0.03859549,0.108395614,0.04095814,0.103315204,0.07111401,0.055779003,0.050672498,0.021801915,0.0015952815,0.14242102,0.040337306,0.023261176,0.12947847
229,8,0.13528778,0.03650165,-0.0041724704,0.09090298,0.04747828,0.12619853,0.032361824,0.056774832,0.0804209,0.13528778,0.034046482,0.006015234,-0.027205136,0.06508646,0.09457818,0.093063,0.13266142
230,15,0.13111717,0.015062616,0.0450683,0.10238731,0.10142201,0.070493,0.026215632,0.045824427,0.040487304,0.043914437,0.0692514,0.012519222,0.027507987,0.11272892,0.07749872,0.07850153,0.13111717
231,11,0.10675609,0.10664097,0.08606275,0.08437871,0.065626636,0.033121902,0.058236193,0.08355219,0.03046533,0.0325663,0.070233524,0.10195909,0.10675609,0.06423954,0.011552782,0.036772676,0.027835395
232,1,0.093154304,0.059719145,0.093154304,0.08873427,0.06405219,0.07685588,0.039744142,0.05468286,0.06892309,0.02837902,0.014256992,0.0871277,0.06836756,0.07127097,0.066714056,0.058950797,0.059067044
233,12,0.15051824,0.044885438,0.0056280857,0.11319078,0.04313898,0.074867755,0.04721727,0.13548899,0.07635989,0.06982881,0.07408715,0.01117921,-0.018584814,0.15051824,0.033612903,0.033315867,0.10526541
234,15,0.13048215,0.09374508,0.053685986,0.045785863,0.080036424,0.034402676,0.04433062,0.016608108,0.058551405,0.06769734,0.08271045,0.03425096,0.061770055,0.09508084,0.02708366,0.073778436,0.13048215
235,12,0.11663383,0.065074064,0.02757375,0.08446097,0.0838118,0.049796414,0.033168554,0.071341634,0.07035512,0.070260815,0.053772885,0.024117107,0.017476782,0.11663383,0.074227,0.07468725,0.08324202
236,6,0.10249251,0.023147963,0.052644137,0.078806765,0.06121449,0.08345067,0.05536784,0.10249251,0.092849776,0.06687835,0.04586933,0.045608982,0.041503064,0.0778187,0.05779974,0.053176656,0.061371002
237,6,0.11423187,0.03648503,0.08587644,0.080352314,0.012749698,0.10388263,0.07405201,0.11423187,0.087872446,0.0992501,0.030035753,0.106494136,0.070154026,-0.0015580272,-0.0028898758,-0.005728837,0.1087403
238,3,0.15802167,0.059511587,-2.7853159e-05,0.10779613,0.15802167,0.03369254,-0.010496076,-0.020294068,0.008297129,0.009731483,0.011398976,0.0467073,0.039702985,0.13543472,0.13141248,0.15382908,0.13528194
239,3,0.1080587,0.0685942,0.05953276,0.07462776,0.1080587,0.09039482,0.031183252,0.023851417,0.037196558,0.0519403,0.053736288,0.07269377,0.061331935,0.09027975,0.061293934,0.074714914,0.040569622
240,12,0.16118126,0.063246496,0.029006425,0.11069871,0.07974451,0.06812351,0.03242836,0.060741995,0.023269804,0.015085007,0.045985322,0.04781381,0.024620188,0.16118126,0.04948924,0.075172625,0.1133927
